rank,prev_rank,name,league,off,def,spi
1,1,Manchester City,Barclays Premier League,3.04,0.2,94.39
2,2,Bayern Munich,German Bundesliga,3.26,0.36,93.5
3,3,Liverpool,Barclays Premier League,2.92,0.26,92.93
4,4,Barcelona,Spanish Primera Division,3.01,0.38,91.74
5,5,Chelsea,Barclays Premier League,2.4,0.45,85.44
6,6,Paris Saint-Germain,French Ligue 1,2.81,0.7,84.98
7,7,Real Madrid,Spanish Primera Division,2.57,0.59,84.54
8,8,Atletico Madrid,Spanish Primera Division,2.14,0.37,84.19
9,9,Olympiacos,Greek Super League,2.62,0.68,83.35
10,10,Ajax,Dutch Eredivisie,3.18,1.06,82.85
11,11,Atalanta,Italy Serie A,2.42,0.61,82.53
12,12,Tottenham Hotspur,Barclays Premier League,2.25,0.52,82.36
13,13,Bayer Leverkusen,German Bundesliga,2.51,0.7,81.76
14,14,Internazionale,Italy Serie A,2.24,0.54,81.64
15,15,Juventus,Italy Serie A,2.16,0.53,80.88
16,16,Valencia,Spanish Primera Division,2.26,0.6,80.55
17,17,FC Porto,Portuguese Liga,2.3,0.63,80.53
18,18,Napoli,Italy Serie A,2.31,0.67,79.9
19,19,Eibar,Spanish Primera Division,2.08,0.53,79.83
20,20,RB Leipzig,German Bundesliga,2.18,0.59,79.8
21,21,Getafe,Spanish Primera Division,1.96,0.46,79.7
22,22,PAOK Salonika,Greek Super League,2.33,0.71,79.24
23,23,Sevilla FC,Spanish Primera Division,2.27,0.68,79.09
24,24,FC Salzburg,Austrian T-Mobile Bundesliga,2.66,0.94,79.08
25,25,Borussia Dortmund,German Bundesliga,2.36,0.74,79.05
26,26,Everton,Barclays Premier League,2.0,0.56,78.05
27,27,Athletic Bilbao,Spanish Primera Division,1.92,0.51,77.89
28,28,Arsenal,Barclays Premier League,2.39,0.84,77.36
29,29,Real Sociedad,Spanish Primera Division,2.0,0.6,76.91
30,30,Benfica,Portuguese Liga,2.44,0.92,76.42
31,31,Leganes,Spanish Primera Division,1.74,0.46,76.24
32,32,TSG Hoffenheim,German Bundesliga,2.6,1.06,75.97
33,33,Young Boys,Swiss Raiffeisen Super League,2.64,1.08,75.91
34,34,Manchester United,Barclays Premier League,2.17,0.77,75.7
35,35,Lyon,French Ligue 1,2.29,0.86,75.54
36,36,FC Krasnodar,Russian Premier Liga,1.98,0.65,75.51
37,37,PSV,Dutch Eredivisie,2.38,0.93,75.22
38,38,Villarreal,Spanish Primera Division,2.12,0.77,74.85
39,39,Real Betis,Spanish Primera Division,1.98,0.7,74.41
40,40,Leicester City,Barclays Premier League,1.95,0.67,74.41
41,41,AS Roma,Italy Serie A,2.17,0.83,74.35
42,42,AC Milan,Italy Serie A,1.89,0.65,74.12
43,43,Espanyol,Spanish Primera Division,2.01,0.73,74.0
44,44,Palmeiras,Brasileiro Série A,1.85,0.66,73.05
45,45,Wolverhampton,Barclays Premier League,1.87,0.67,73.02
46,46,Lille,French Ligue 1,1.88,0.7,72.55
47,47,Lazio,Italy Serie A,2.05,0.84,72.09
48,48,Galatasaray,Turkish Turkcell Super Lig,2.25,0.99,72.07
49,49,Shakhtar Donetsk,UEFA Europa League,2.15,0.93,71.79
50,50,Eintracht Frankfurt,German Bundesliga,2.04,0.87,71.37
51,51,Girona FC,Spanish Primera Division,1.83,0.76,70.36
52,52,SD Huesca,Spanish Primera Division,2.01,0.89,70.18
53,53,Crystal Palace,Barclays Premier League,1.99,0.89,70.08
54,54,Zenit St Petersburg,Russian Premier Liga,2.04,0.93,70.06
55,55,CSKA Moscow,Russian Premier Liga,1.86,0.79,70.0
56,56,Sporting CP,Portuguese Liga,1.94,0.86,69.89
57,57,Celta Vigo,Spanish Primera Division,2.03,0.93,69.78
58,58,Basel,Swiss Raiffeisen Super League,2.13,1.0,69.71
59,59,Club Brugge,Belgian Jupiler League,2.09,0.98,69.62
60,60,Torino,Italy Serie A,1.81,0.77,69.48
61,61,Genk,Belgian Jupiler League,1.98,0.91,69.38
62,62,Alavés,Spanish Primera Division,1.76,0.75,69.22
63,63,Newcastle,Barclays Premier League,1.79,0.78,68.91
64,64,Werder Bremen,German Bundesliga,2.02,0.96,68.87
65,65,Dynamo Kiev,UEFA Europa League,1.98,0.94,68.7
66,66,VfL Wolfsburg,German Bundesliga,1.98,0.95,68.49
67,67,Sampdoria,Italy Serie A,1.94,0.92,68.3
68,68,Borussia Monchengladbach,German Bundesliga,1.95,0.93,68.28
69,69,Marseille,French Ligue 1,1.78,0.8,68.15
70,70,St Etienne,French Ligue 1,1.81,0.84,67.96
71,71,Montpellier,French Ligue 1,1.66,0.72,67.79
72,72,Bologna,Italy Serie A,1.89,0.92,67.53
73,73,Levante,Spanish Primera Division,2.11,1.09,67.43
74,74,Besiktas,Turkish Turkcell Super Lig,2.34,1.28,67.43
75,75,Fiorentina,Italy Serie A,1.69,0.76,67.34
76,76,Real Valladolid,Spanish Primera Division,1.72,0.81,66.98
77,77,Lokomotiv Moscow,Russian Premier Liga,1.77,0.84,66.96
78,81,Flamengo,Brasileiro Série A,1.85,0.92,66.9
79,78,AFC Bournemouth,Barclays Premier League,2.06,1.09,66.71
80,79,Feyenoord,Dutch Eredivisie,2.17,1.18,66.66
81,80,West Ham United,Barclays Premier League,1.93,0.99,66.61
82,82,Nantes,French Ligue 1,1.67,0.79,66.34
83,83,Southampton,Barclays Premier League,1.85,0.95,66.02
84,84,Watford,Barclays Premier League,1.96,1.06,65.53
85,85,Burnley,Barclays Premier League,1.81,0.94,65.48
86,86,Mainz,German Bundesliga,2.01,1.1,65.32
87,87,Genoa,Italy Serie A,1.67,0.84,65.18
88,88,AEK Athens,Greek Super League,1.61,0.8,64.91
89,89,Schalke 04,German Bundesliga,1.78,0.95,64.61
90,90,Rayo Vallecano,Spanish Primera Division,1.82,0.99,64.54
91,91,Leeds United,English League Championship,1.81,0.98,64.41
92,92,Rangers,Scottish Premiership,1.92,1.08,64.23
93,93,Ludogorets,UEFA Europa League,1.68,0.89,64.16
94,94,LASK Linz,Austrian T-Mobile Bundesliga,1.92,1.09,64.07
95,95,FC Copenhagen,Danish SAS-Ligaen,2.13,1.28,63.72
96,96,AS Monaco,French Ligue 1,1.67,0.9,63.53
97,97,Istanbul Basaksehir,Turkish Turkcell Super Lig,1.51,0.77,63.36
98,98,Angers,French Ligue 1,1.62,0.87,63.33
99,99,Red Star Belgrade,UEFA Champions League,2.02,1.21,63.24
100,100,Sheffield United,English League Championship,1.62,0.9,62.59
101,101,Trabzonspor,Turkish Turkcell Super Lig,2.04,1.26,62.49
102,102,Viktoria Plzen,UEFA Europa League,1.98,1.22,62.31
103,103,Fortuna Düsseldorf,German Bundesliga,1.9,1.15,62.31
104,105,Celtic,Scottish Premiership,1.55,0.87,61.99
105,106,Norwich City,English League Championship,1.89,1.16,61.87
106,107,Hertha Berlin,German Bundesliga,1.85,1.13,61.87
107,116,Santos,Brasileiro Série A,1.56,0.89,61.54
108,108,Braga,Portuguese Liga,1.68,0.99,61.5
109,104,Grêmio,Brasileiro Série A,1.6,0.93,61.44
110,111,Guangzhou Evergrande,Chinese Super League,1.88,1.18,61.29
111,109,River Plate,Argentina Primera Division,1.62,0.96,61.2
112,110,Boca Juniors,Argentina Primera Division,1.55,0.9,60.98
113,112,Aston Villa,English League Championship,1.7,1.03,60.97
114,113,Nice,French Ligue 1,1.43,0.8,60.91
115,115,Beijing Guoan,Chinese Super League,1.8,1.13,60.86
116,114,Sassuolo,Italy Serie A,1.71,1.05,60.78
117,117,Nimes,French Ligue 1,1.7,1.05,60.51
118,118,Dinamo Zagreb,UEFA Europa League,1.55,0.93,60.37
119,119,Spal,Italy Serie A,1.69,1.06,60.24
120,120,Stade Rennes,French Ligue 1,1.69,1.06,60.12
121,121,Malmo FF,Swedish Allsvenskan,1.65,1.03,60.04
122,122,Strasbourg,French Ligue 1,1.58,0.98,59.74
123,124,Cardiff City,Barclays Premier League,1.64,1.04,59.51
124,125,FC Arsenal Tula,Russian Premier Liga,1.57,0.98,59.46
125,126,Vitesse,Dutch Eredivisie,2.2,1.54,59.41
126,127,Los Angeles FC,Major League Soccer,1.94,1.32,59.26
127,123,Internacional,Brasileiro Série A,1.46,0.89,59.25
128,131,Shanghai SIPG,Chinese Super League,1.71,1.11,59.22
129,128,Racing Club,Argentina Primera Division,1.5,0.94,59.13
130,129,Club América,Mexican Primera Division Torneo Clausura,1.54,0.97,59.06
131,130,Cagliari,Italy Serie A,1.68,1.12,58.51
132,152,Atlético Paranaense,Brasileiro Série A,1.55,1.01,58.25
133,132,Tigres UANL,Mexican Primera Division Torneo Clausura,1.47,0.95,57.85
134,133,Brighton and Hove Albion,Barclays Premier League,1.55,1.04,57.78
135,134,Empoli,Italy Serie A,1.87,1.33,57.55
136,135,Fenerbahce,Turkish Turkcell Super Lig,1.62,1.11,57.52
137,136,Brentford,English League Championship,1.56,1.06,57.21
138,137,VfB Stuttgart,German Bundesliga,1.64,1.14,57.19
139,139,Fulham,Barclays Premier League,1.67,1.17,57.07
140,140,Reims,French Ligue 1,1.44,0.96,57.0
141,141,Bordeaux,French Ligue 1,1.37,0.91,56.85
142,142,FC Astana,UEFA Europa League,1.67,1.18,56.76
143,143,Spartak Moscow,Russian Premier Liga,1.46,1.0,56.63
144,144,FC Midtjylland,Danish SAS-Ligaen,1.9,1.41,56.48
145,146,SC Freiburg,German Bundesliga,1.7,1.22,56.43
146,147,Udinese,Italy Serie A,1.6,1.13,56.43
147,148,AZ,Dutch Eredivisie,1.75,1.29,56.17
148,149,Monterrey,Mexican Primera Division Torneo Clausura,1.52,1.07,56.17
149,150,Toulouse,French Ligue 1,1.5,1.06,56.06
150,151,León,Mexican Primera Division Torneo Clausura,1.55,1.11,56.01
151,138,Kawasaki Frontale,Japanese J League,1.44,1.0,55.87
152,153,Cruz Azul,Mexican Primera Division Torneo Clausura,1.43,1.01,55.62
153,161,Brondby,Danish SAS-Ligaen,1.89,1.45,55.55
154,154,Slavia Prague,UEFA Europa League,1.38,0.97,55.35
155,155,Amiens,French Ligue 1,1.29,0.88,55.34
156,156,Gazovik Orenburg,Russian Premier Liga,1.57,1.16,55.24
157,157,Corinthians,Brasileiro Série A,1.31,0.91,55.19
158,158,Jablonec,UEFA Europa League,1.46,1.06,55.07
159,159,Standard Liege,Belgian Jupiler League,1.69,1.28,54.96
160,145,São Paulo,Brasileiro Série A,1.32,0.93,54.95
161,160,Aris Salonika,Greek Super League,1.67,1.27,54.92
162,171,Atletico Mineiro,Brasileiro Série A,1.49,1.09,54.84
163,162,Pachuca,Mexican Primera Division Torneo Clausura,1.63,1.25,54.33
164,163,Molde,Norwegian Tippeligaen,1.91,1.52,54.16
165,164,FC Augsburg,German Bundesliga,1.82,1.44,54.12
166,165,Guimaraes,Portuguese Liga,1.42,1.07,53.8
167,166,Defensa y Justicia,Argentina Primera Division,1.27,0.93,53.67
168,175,Bahía,Brasileiro Série A,1.36,1.03,53.5
169,167,Swansea City,English League Championship,1.62,1.28,53.5
170,168,Terek Grozny,Russian Premier Liga,1.15,0.82,53.47
171,169,KAA Gent,Belgian Jupiler League,1.54,1.21,53.28
172,170,Frosinone,Italy Serie A,1.48,1.15,53.16
173,172,Atromitos,Greek Super League,1.3,0.99,53.11
174,173,St. Truidense,Belgian Jupiler League,1.49,1.18,52.86
175,174,ADO Den Haag,Dutch Eredivisie,1.9,1.58,52.85
176,176,Dijon FCO,French Ligue 1,1.37,1.07,52.71
177,178,West Bromwich Albion,English League Championship,1.5,1.2,52.65
178,179,Derby County,English League Championship,1.42,1.13,52.64
179,177,Shandong Luneng,Chinese Super League,1.58,1.28,52.55
180,180,Mouscron-Peruwelz,Belgian Jupiler League,1.38,1.09,52.46
181,181,Caykur Rizespor,Turkish Turkcell Super Lig,1.61,1.32,52.43
182,182,Bristol City,English League Championship,1.48,1.19,52.36
183,183,Rostov,Russian Premier Liga,1.01,0.75,51.88
184,184,1. FC Nürnberg,German Bundesliga,1.48,1.21,51.84
185,185,Huddersfield Town,Barclays Premier League,1.39,1.13,51.81
186,186,Dinamo Moscow,Russian Premier Liga,1.2,0.94,51.76
187,187,Parma,Italy Serie A,1.5,1.24,51.62
188,188,KV Kortrijk,Belgian Jupiler League,1.51,1.25,51.61
189,190,Anderlecht,Belgian Jupiler League,1.37,1.13,51.35
190,189,Jiangsu Suning FC,Chinese Super League,1.5,1.26,51.23
191,204,Cruzeiro,Brasileiro Série A,1.39,1.15,51.21
192,191,Guingamp,French Ligue 1,1.4,1.16,51.15
193,192,FC Cologne,German 2. Bundesliga,1.73,1.51,50.84
194,193,CA Independiente,Argentina Primera Division,1.34,1.12,50.71
195,194,Toluca,Mexican Primera Division Torneo Clausura,1.53,1.31,50.69
196,195,FC Luzern,Swiss Raiffeisen Super League,1.64,1.42,50.69
197,210,AIK,Swedish Allsvenskan,1.28,1.06,50.66
198,196,Santos Laguna,Mexican Primera Division Torneo Clausura,1.44,1.22,50.59
199,197,Velez Sarsfield,Argentina Primera Division,1.25,1.03,50.57
200,198,Hannover 96,German Bundesliga,1.56,1.35,50.54
201,199,BATE Borisov,UEFA Europa League,1.51,1.3,50.51
202,202,FC Utrecht,Dutch Eredivisie,1.7,1.52,49.9
203,200,Atlanta United FC,Major League Soccer,1.36,1.18,49.69
204,203,Konyaspor,Turkish Turkcell Super Lig,1.17,0.99,49.67
205,205,Middlesbrough,English League Championship,1.3,1.13,49.56
206,207,Stoke City,English League Championship,1.14,0.97,49.24
207,208,Perth Glory,Australian A-League,1.49,1.34,49.13
208,209,Chievo Verona,Italy Serie A,1.31,1.16,49.11
209,211,Millwall,English League Championship,1.28,1.12,49.07
210,212,Apollon Limassol,UEFA Europa League,1.37,1.22,49.03
211,213,Necaxa,Mexican Primera Division Torneo Clausura,1.38,1.23,48.99
212,214,Blackburn,English League Championship,1.42,1.29,48.73
213,206,Kashima Antlers,Japanese J League,1.37,1.24,48.66
214,215,Desportivo Aves,Portuguese Liga,1.27,1.13,48.65
215,217,Union Santa Fe,Argentina Primera Division,1.2,1.07,48.51
216,218,Sheffield Wednesday,English League Championship,1.34,1.22,48.41
217,216,Rapid Vienna,Austrian T-Mobile Bundesliga,1.52,1.41,48.38
218,219,Rio Ave,Portuguese Liga,1.44,1.33,48.29
219,220,FC Lugano,Swiss Raiffeisen Super League,1.35,1.25,48.08
220,201,Fluminense,Brasileiro Série A,1.34,1.25,47.66
221,222,Birmingham,English League Championship,1.32,1.23,47.64
222,223,FC Ufa,Russian Premier Liga,1.08,0.98,47.62
223,224,FK Austria Vienna,Austrian T-Mobile Bundesliga,1.65,1.58,47.57
224,225,Goztepe,Turkish Turkcell Super Lig,1.27,1.19,47.25
225,226,Sivasspor,Turkish Turkcell Super Lig,1.65,1.6,47.22
226,228,Portimonense,Portuguese Liga,1.43,1.37,47.14
227,230,Nottingham Forest,English League Championship,1.27,1.21,47.08
228,262,FC Tokyo,Japanese J League,1.14,1.07,46.9
229,232,Antwerp,Belgian Jupiler League,1.31,1.25,46.88
230,233,Banfield,Argentina Primera Division,1.23,1.17,46.71
231,227,BK Hacken,Swedish Allsvenskan,1.28,1.23,46.7
232,234,Caen,French Ligue 1,1.14,1.08,46.59
233,235,New York City FC,Major League Soccer,1.37,1.33,46.58
234,231,Osasuna,Spanish Segunda Division,1.17,1.12,46.52
235,236,Tijuana,Mexican Primera Division Torneo Clausura,1.3,1.27,46.49
236,237,FK Qarabag,UEFA Europa League,1.26,1.22,46.48
237,238,Vorskla,UEFA Europa League,1.19,1.14,46.43
238,239,Queens Park Rangers,English League Championship,1.34,1.31,46.4
239,240,Alanyaspor,Turkish Turkcell Super Lig,1.33,1.3,46.4
240,253,Vasco da Gama,Brasileiro Série A,1.24,1.2,46.36
241,250,Chapecoense AF,Brasileiro Série A,1.21,1.17,46.31
242,229,Ceará,Brasileiro Série A,1.16,1.12,46.24
243,241,Tigre,Argentina Primera Division,1.44,1.43,46.0
244,242,St Gallen,Swiss Raiffeisen Super League,1.41,1.41,45.99
245,244,Ural Sverdlovsk Oblast,Russian Premier Liga,1.31,1.3,45.94
246,271,Djurgardens IF,Swedish Allsvenskan,1.25,1.24,45.89
247,246,Boavista,Portuguese Liga,1.21,1.19,45.86
248,247,Moreirense,Portuguese Liga,1.19,1.17,45.73
249,248,Hull City,English League Championship,1.4,1.41,45.67
250,249,FC Groningen,Dutch Eredivisie,1.11,1.09,45.64
251,274,IFK Norrkoping,Swedish Allsvenskan,1.4,1.4,45.59
252,251,Rubin Kazan,Russian Premier Liga,0.96,0.92,45.52
253,252,Panathinaikos,Greek Super League,1.1,1.08,45.49
254,254,Wolfsberger AC,Austrian T-Mobile Bundesliga,1.42,1.44,45.37
255,255,Troyes,French Ligue 2,1.1,1.09,45.34
256,257,Sporting de Charleroi,Belgian Jupiler League,1.41,1.44,45.26
257,258,Metz,French Ligue 2,1.08,1.07,45.24
258,259,SV Zulte Waregem,Belgian Jupiler League,1.7,1.75,45.21
259,260,AEK Larnaca,UEFA Europa League,1.17,1.17,45.21
260,256,SK Sturm Graz,Austrian T-Mobile Bundesliga,1.24,1.25,45.19
261,261,Newell's Old Boys,Argentina Primera Division,1.16,1.17,45.14
262,243,Botafogo,Brasileiro Série A,1.16,1.16,45.06
263,263,Philadelphia Union,Major League Soccer,1.44,1.48,45.05
264,264,Erzurumspor,Turkish Turkcell Super Lig,1.19,1.22,44.72
265,221,Nagoya Grampus Eight,Japanese J League,1.37,1.42,44.67
266,265,Yeni Malatyaspor,Turkish Turkcell Super Lig,1.38,1.43,44.6
267,266,Sydney FC,Australian A-League,1.29,1.34,44.5
268,267,1. FC Union Berlin,German 2. Bundesliga,1.32,1.37,44.42
269,268,Preston North End,English League Championship,1.28,1.33,44.42
270,269,Luton Town,English League One,1.44,1.51,44.37
271,270,Cashpoint SC Rheindorf Altach,Austrian T-Mobile Bundesliga,1.39,1.46,44.37
272,272,Wigan,English League Championship,1.28,1.34,44.28
273,273,Guadalajara,Mexican Primera Division Torneo Clausura,1.18,1.23,44.24
274,283,Yokohama F. Marinos,Japanese J League,1.46,1.55,44.18
275,275,Lanus,Argentina Primera Division,1.16,1.21,44.12
276,276,Videoton FC,UEFA Europa League,1.21,1.27,44.06
277,277,Brest,French Ligue 2,1.23,1.29,44.05
278,291,New York Red Bulls,Major League Soccer,1.31,1.38,43.95
279,278,Santa Clara,Portuguese Liga,1.25,1.32,43.93
280,245,Hammarby,Swedish Allsvenskan,1.43,1.52,43.92
281,279,Charlton Athletic,English League One,1.19,1.27,43.64
282,280,Atlético Tucumán,Argentina Primera Division,1.21,1.29,43.64
283,282,FC Nordsjaelland,Danish SAS-Ligaen,1.41,1.51,43.58
284,284,Talleres de Córdoba,Argentina Primera Division,1.04,1.11,43.44
285,285,San Lorenzo,Argentina Primera Division,1.04,1.11,43.4
286,286,Pumas Unam,Mexican Primera Division Torneo Clausura,1.37,1.49,43.24
287,287,Odense BK,Danish SAS-Ligaen,1.27,1.37,43.18
288,312,Málaga,Spanish Segunda Division,1.08,1.17,42.95
289,288,Argentinos Juniors,Argentina Primera Division,1.03,1.12,42.91
290,281,Dalian Aerbin,Chinese Super League,1.28,1.4,42.83
291,289,Vitoria Setubal,Portuguese Liga,1.06,1.15,42.79
292,290,AGF Aarhus,Danish SAS-Ligaen,1.33,1.46,42.76
293,293,FC Sion,Swiss Raiffeisen Super League,1.23,1.37,42.3
294,306,Cerezo Osaka,Japanese J League,0.94,1.04,42.14
295,298,Portland Timbers,Major League Soccer,1.47,1.66,42.09
296,300,Toronto FC,Major League Soccer,1.44,1.62,42.08
297,295,Huracán,Argentina Primera Division,1.16,1.31,41.96
298,296,Asteras Tripolis,Greek Super League,0.86,0.96,41.94
299,297,Kilmarnock,Scottish Premiership,1.01,1.13,41.89
300,299,Kasimpasa,Turkish Turkcell Super Lig,1.52,1.72,41.85
301,301,Goiás,Brasileiro Série A,1.18,1.34,41.76
302,302,Hamburg SV,German 2. Bundesliga,1.18,1.34,41.63
303,303,Colon Santa Fe,Argentina Primera Division,1.03,1.17,41.62
304,294,Sporting Kansas City,Major League Soccer,1.42,1.62,41.58
305,304,Estudiantes,Argentina Primera Division,0.97,1.11,41.33
306,305,OFI Crete,Greek Super League,1.14,1.32,41.25
307,307,Rotherham United,English League Championship,1.4,1.62,41.14
308,308,Atlas,Mexican Primera Division Torneo Clausura,1.18,1.37,41.13
309,315,Granada,Spanish Segunda Division,0.89,1.02,41.11
310,310,Bursaspor,Turkish Turkcell Super Lig,0.89,1.03,41.04
311,311,Ankaragucu,Turkish Turkcell Super Lig,1.24,1.45,40.96
312,313,Thun,Swiss Raiffeisen Super League,1.36,1.58,40.93
313,292,Los Angeles Galaxy,Major League Soccer,1.48,1.73,40.82
314,314,Puebla,Mexican Primera Division Torneo Clausura,1.15,1.35,40.81
315,318,Aldosivi,Argentina Primera Division,0.96,1.14,40.66
316,309,Seattle Sounders FC,Major League Soccer,1.24,1.47,40.61
317,319,FC Zurich,Swiss Raiffeisen Super League,1.12,1.32,40.6
318,320,Chaves,Portuguese Liga,1.29,1.52,40.54
319,321,Melbourne City,Australian A-League,1.16,1.38,40.48
320,323,Morelia,Mexican Primera Division Torneo Clausura,1.25,1.49,40.32
321,324,Orlando Pirates,South African ABSA Premier League,1.05,1.25,40.31
322,322,Hebei China Fortune FC,Chinese Super League,1.29,1.54,40.31
323,325,Waasland-Beveren,Belgian Jupiler League,1.42,1.7,40.16
324,326,Esbjerg,Danish SAS-Ligaen,1.19,1.43,40.15
325,316,Fortaleza,Brasileiro Série A,1.15,1.38,40.15
326,327,Lamia,Greek Super League,0.96,1.16,40.13
327,328,Belenenses,Portuguese Liga,1.19,1.43,39.97
328,329,Belgrano Cordoba,Argentina Primera Division,0.93,1.13,39.92
329,330,Haugesund,Norwegian Tippeligaen,1.14,1.39,39.8
330,331,Barnsley,English League One,1.19,1.45,39.8
331,332,Rosenborg,Norwegian Tippeligaen,1.16,1.41,39.77
332,333,Guangzhou RF,Chinese Super League,1.44,1.73,39.77
333,334,Patronato,Argentina Primera Division,1.11,1.36,39.58
334,337,Shanghai Greenland,Chinese Super League,1.24,1.52,39.41
335,338,San Martin San Juan,Argentina Primera Division,1.1,1.36,39.39
336,339,Kayserispor,Turkish Turkcell Super Lig,1.22,1.5,39.35
337,341,Rosario Central,Argentina Primera Division,0.96,1.2,39.27
338,342,Godoy Cruz,Argentina Primera Division,1.04,1.29,39.22
339,343,Aberdeen,Scottish Premiership,1.25,1.54,39.2
340,344,Newcastle Jets,Australian A-League,1.39,1.71,39.14
341,345,Heracles,Dutch Eredivisie,1.63,2.0,39.05
342,346,Heerenveen,Dutch Eredivisie,1.63,2.0,39.03
343,347,Tondela,Portuguese Liga,1.26,1.57,38.98
344,348,Holstein Kiel,German 2. Bundesliga,1.38,1.71,38.95
345,349,Larissa,Greek Super League,0.88,1.11,38.91
346,351,Tianjin Teda,Chinese Super League,1.18,1.49,38.58
347,354,Houston Dynamo,Major League Soccer,1.27,1.61,38.46
348,362,Avaí,Brasileiro Série A,1.05,1.36,38.2
349,317,Cadiz,Spanish Segunda Division,0.98,1.26,38.17
350,353,San Martin de Tucuman,Argentina Primera Division,1.11,1.43,38.12
351,355,PEC Zwolle,Dutch Eredivisie,1.32,1.69,38.11
352,336,Sanfrecce Hiroshima,Japanese J League,0.98,1.27,38.05
353,352,Chongqing Lifan,Chinese Super League,1.11,1.43,38.03
354,356,SC Paderborn,German 2. Bundesliga,1.36,1.73,38.02
355,357,Antalyaspor,Turkish Turkcell Super Lig,1.24,1.59,38.02
356,369,Chicago Fire,Major League Soccer,1.24,1.6,37.96
357,360,Akhisar Belediye,Turkish Turkcell Super Lig,1.08,1.4,37.89
358,363,Neuchatel Xamax,Swiss Raiffeisen Super League,1.18,1.53,37.78
359,364,Lens,French Ligue 2,0.9,1.18,37.75
360,340,Albacete,Spanish Segunda Division,0.95,1.25,37.72
361,365,Arminia Bielefeld,German 2. Bundesliga,1.16,1.5,37.7
362,366,Mamelodi Sundowns,South African ABSA Premier League,0.98,1.28,37.68
363,367,Krylia Sovetov,Russian Premier Liga,1.12,1.46,37.66
364,359,Mallorca,Spanish Segunda Division,1.01,1.33,37.58
365,368,Willem II,Dutch Eredivisie,1.65,2.1,37.58
366,370,Sunderland,English League One,1.2,1.58,37.47
367,335,IFK Goteborg,Swedish Allsvenskan,1.22,1.6,37.44
368,372,Odd BK,Norwegian Tippeligaen,1.07,1.41,37.39
369,373,F91 Dudelange,UEFA Europa League,1.35,1.76,37.32
370,374,FC Ingolstadt 04,German 2. Bundesliga,1.2,1.57,37.28
371,375,Querétaro,Mexican Primera Division Torneo Clausura,1.04,1.38,37.23
372,404,Orlando City SC,Major League Soccer,1.24,1.63,37.21
373,376,Jahn Regensburg,German 2. Bundesliga,1.45,1.89,37.13
374,394,Urawa Red Diamonds,Japanese J League,1.15,1.54,36.83
375,377,Brescia,Italy Serie B,1.16,1.55,36.82
376,382,Columbus Crew,Major League Soccer,1.08,1.45,36.78
377,350,Montreal Impact,Major League Soccer,1.07,1.45,36.72
378,378,SV Mattersburg,Austrian T-Mobile Bundesliga,1.14,1.53,36.7
379,379,Gimnasia La Plata,Argentina Primera Division,0.98,1.34,36.67
380,380,Melbourne Victory,Australian A-League,1.28,1.71,36.66
381,381,FC Dallas,Major League Soccer,1.12,1.52,36.62
382,358,DC United,Major League Soccer,1.19,1.6,36.58
383,384,Henan Jianye,Chinese Super League,1.13,1.53,36.47
384,383,Randers FC,Danish SAS-Ligaen,1.08,1.47,36.46
385,385,Arizona United,United Soccer League,1.27,1.7,36.44
386,386,C.D. Nacional,Portuguese Liga,1.13,1.54,36.27
387,361,CSA,Brasileiro Série A,1.03,1.41,36.24
388,371,Real Salt Lake,Major League Soccer,1.22,1.66,36.13
389,387,Maritimo,Portuguese Liga,0.96,1.34,36.12
390,388,Reading,English League Championship,1.06,1.46,36.12
391,400,Consadole Sapporo,Japanese J League,1.06,1.47,36.06
392,389,FC Spartak Trnava,UEFA Europa League,0.9,1.27,35.94
393,390,VVV Venlo,Dutch Eredivisie,1.34,1.83,35.93
394,392,Kristiansund BK,Norwegian Tippeligaen,1.1,1.53,35.87
395,393,Wuhan Zall,Chinese Super League,1.08,1.5,35.86
396,395,Deportivo La Coruña,Spanish Segunda Division,0.79,1.14,35.65
397,391,Vissel Kobe,Japanese J League,1.3,1.79,35.62
398,396,AaB,Danish SAS-Ligaen,1.06,1.49,35.59
399,397,SK Brann,Norwegian Tippeligaen,1.1,1.54,35.58
400,398,Eupen,Belgian Jupiler League,1.19,1.68,35.25
401,399,Hibernian,Scottish Premiership,0.98,1.42,35.1
402,401,Minnesota United FC,Major League Soccer,1.25,1.76,35.05
403,402,FC Trenkwalder Admira,Austrian T-Mobile Bundesliga,1.44,2.0,34.88
404,403,Adelaide United,Australian A-League,1.06,1.53,34.86
405,405,Palermo,Italy Serie B,1.07,1.55,34.69
406,406,Paris FC,French Ligue 2,0.66,1.01,34.54
407,408,1. FC Heidenheim 1846,German 2. Bundesliga,1.17,1.68,34.46
408,410,KV Oostende,Belgian Jupiler League,1.02,1.51,34.18
409,416,Tianjin Quanujian,Chinese Super League,1.11,1.63,34.17
410,411,Metallurg Krasnoyarsk,Russian Premier Liga,1.15,1.68,34.11
411,412,Bodo/Glimt,Norwegian Tippeligaen,1.18,1.72,34.08
412,431,San Jose Earthquakes,Major League Soccer,1.32,1.91,34.05
413,414,Portsmouth,English League One,1.11,1.63,33.99
414,415,Bidvest Wits,South African ABSA Premier League,0.99,1.49,33.98
415,413,Shenzhen FC,Chinese Super League,1.02,1.52,33.94
416,417,Emmen,Dutch Eredivisie,1.21,1.77,33.85
417,418,Excelsior,Dutch Eredivisie,1.46,2.09,33.75
418,419,Lecce,Italy Serie B,1.0,1.51,33.69
419,407,Real Zaragoza,Spanish Segunda Division,1.05,1.58,33.67
420,420,Feirense,Portuguese Liga,1.01,1.53,33.5
421,422,Hartberg,Austrian T-Mobile Bundesliga,1.43,2.08,33.3
422,423,FC Xanthi,Greek Super League,0.79,1.26,33.25
423,424,KSC Lokeren,Belgian Jupiler League,1.05,1.6,33.19
424,425,VfL Bochum,German 2. Bundesliga,1.15,1.73,33.1
425,426,FC Wacker Innsbruck,Austrian T-Mobile Bundesliga,1.05,1.6,33.09
426,427,Benevento,Italy Serie B,1.02,1.57,33.06
427,428,Black Aces,South African ABSA Premier League,1.02,1.57,33.05
428,429,Almeria,Spanish Segunda Division,0.85,1.35,32.97
429,446,New England Revolution,Major League Soccer,1.2,1.81,32.94
430,421,Östersunds FK,Swedish Allsvenskan,1.11,1.7,32.88
431,430,Valerenga,Norwegian Tippeligaen,1.14,1.74,32.75
432,449,Tampa Bay Rowdies,United Soccer League,0.86,1.38,32.58
433,432,Western Sydney FC,Australian A-League,1.27,1.92,32.55
434,433,Ipswich Town,English League Championship,0.97,1.53,32.52
435,435,Doncaster Rovers,English League One,1.14,1.76,32.41
436,409,Cittadella,Italy Serie B,1.01,1.59,32.35
437,436,Panetolikos,Greek Super League,1.02,1.6,32.35
438,438,SV Sandhausen,German 2. Bundesliga,1.04,1.64,32.32
439,439,Burton Albion,English League One,1.1,1.72,32.3
440,437,Guizhou Renhe,Chinese Super League,1.0,1.59,32.17
441,440,Lorient,French Ligue 2,1.11,1.75,32.0
442,434,Elche,Spanish Segunda Division,1.04,1.66,31.78
443,441,Cercle Brugge,Belgian Jupiler League,1.2,1.88,31.72
444,444,GIF Sundsvall,Swedish Allsvenskan,1.03,1.66,31.72
445,442,Nashville SC,United Soccer League,0.92,1.51,31.7
446,443,Sonderjyske,Danish SAS-Ligaen,1.1,1.76,31.45
447,445,SV Darmstadt 98,German 2. Bundesliga,0.97,1.59,31.34
448,451,Gamba Osaka,Japanese J League,1.03,1.68,31.23
449,447,Sporting Gijón,Spanish Segunda Division,0.8,1.36,31.14
450,466,Verona,Italy Serie B,0.92,1.53,31.12
451,448,1. FC Magdeburg,German 2. Bundesliga,0.92,1.54,31.01
452,450,Giannina,Greek Super League,0.63,1.15,30.78
453,476,Reno 1868 FC,United Soccer League,1.11,1.82,30.74
454,452,Panionios,Greek Super League,0.9,1.53,30.7
455,483,Louisville City FC,United Soccer League,1.13,1.86,30.57
456,453,Lobos de la BUAP,Mexican Primera Division Torneo Clausura,0.99,1.67,30.55
457,474,Extremadura UD,Spanish Segunda Division,0.74,1.32,30.53
458,454,Dynamo Dresden,German 2. Bundesliga,0.94,1.6,30.35
459,455,Crotone,Italy Serie B,0.88,1.53,30.3
460,457,Clermont Foot,French Ligue 2,0.88,1.54,30.14
461,458,Perugia,Italy Serie B,0.93,1.61,30.06
462,460,De Graafschap,Dutch Eredivisie,1.15,1.92,29.96
463,461,Bolton,English League Championship,0.88,1.56,29.83
464,459,Shonan Bellmare,Japanese J League,0.95,1.67,29.51
465,473,Real Oviedo,Spanish Segunda Division,0.87,1.57,29.43
466,467,Spezia,Italy Serie B,0.96,1.69,29.4
467,456,New Mexico United,United Soccer League,1.16,1.98,29.28
468,468,Sarpsborg,Norwegian Tippeligaen,0.91,1.62,29.26
469,469,Le Havre,French Ligue 2,0.9,1.61,29.25
470,465,Vancouver Whitecaps,Major League Soccer,1.01,1.77,29.2
471,464,IF Elfsborg,Swedish Allsvenskan,0.94,1.68,29.16
472,504,Vegalta Sendai,Japanese J League,1.09,1.89,29.07
473,472,Wellington Phoenix,Australian A-League,1.2,2.04,29.0
474,463,Oita Trinita,Japanese J League,0.79,1.47,28.92
475,470,Shimizu S-Pulse,Japanese J League,1.19,2.04,28.86
476,462,FC Cincinnati,Major League Soccer,0.95,1.71,28.83
477,475,Stromsgodset,Norwegian Tippeligaen,1.04,1.85,28.54
478,501,New York Red Bulls II,United Soccer League,1.2,2.07,28.54
479,471,Las Palmas,Spanish Segunda Division,0.88,1.62,28.5
480,487,Colorado Rapids,Major League Soccer,1.16,2.05,28.14
481,477,Hobro IK,Danish SAS-Ligaen,0.91,1.69,28.0
482,479,Cosenza,Italy Serie B,0.78,1.52,27.82
483,480,Grasshoppers Zürich,Swiss Raiffeisen Super League,0.96,1.78,27.78
484,499,Orebro SK,Swedish Allsvenskan,0.99,1.83,27.72
485,484,Tenerife,Spanish Segunda Division,0.83,1.61,27.66
486,492,Indy Eleven,United Soccer League,0.81,1.58,27.53
487,481,FC St. Pauli,German 2. Bundesliga,0.94,1.78,27.53
488,482,Orange County SC,United Soccer League,1.1,2.01,27.45
489,485,Chateauroux,French Ligue 2,0.78,1.54,27.37
490,478,Lugo,Spanish Segunda Division,0.79,1.57,27.29
491,486,Vendsyssel,Danish SAS-Ligaen,0.87,1.69,27.21
492,491,Numancia,Spanish Segunda Division,0.75,1.51,27.16
493,489,Orléans,French Ligue 2,1.0,1.9,26.96
494,490,Erzgebirge Aue,German 2. Bundesliga,0.85,1.67,26.94
495,493,Vejle,Danish SAS-Ligaen,0.97,1.86,26.82
496,488,Kalmar FF,Swedish Allsvenskan,0.65,1.38,26.82
497,494,St. Pölten,Austrian T-Mobile Bundesliga,0.88,1.73,26.78
498,495,Hearts,Scottish Premiership,0.83,1.65,26.72
499,497,AS Nancy Lorraine,French Ligue 2,0.85,1.69,26.62
500,498,Coventry City,English League One,0.85,1.69,26.6
501,500,Oxford United,English League One,0.89,1.78,26.23
502,502,Rayo Majadahonda,Spanish Segunda Division,1.04,1.99,26.23
503,503,SpVgg Greuther Fürth,German 2. Bundesliga,0.83,1.7,26.11
504,505,Cremonese,Italy Serie B,0.65,1.44,25.88
505,506,Ranheim,Norwegian Tippeligaen,0.97,1.92,25.83
506,507,Veracruz,Mexican Primera Division Torneo Clausura,0.88,1.8,25.8
507,508,Peterborough United,English League One,0.92,1.86,25.79
508,509,Anzhi Makhachkala,Russian Premier Liga,0.69,1.51,25.72
509,510,Foggia,Italy Serie B,0.8,1.68,25.7
510,511,Jubilo Iwata,Japanese J League,0.69,1.51,25.67
511,513,Kaizer Chiefs,South African ABSA Premier League,0.6,1.38,25.43
512,514,Fortuna Sittard,Dutch Eredivisie,1.23,2.33,25.39
513,515,Highlands Park FC,South African ABSA Premier League,0.7,1.55,25.25
514,516,Polokwane City FC,South African ABSA Premier League,0.79,1.7,25.18
515,517,Viking FK,Norwegian Tippeligaen,0.89,1.84,25.11
516,496,IK Sirius,Swedish Allsvenskan,1.0,2.03,24.94
517,519,MSV Duisburg,German 2. Bundesliga,1.06,2.13,24.72
518,520,Motherwell,Scottish Premiership,0.91,1.92,24.6
519,521,Valenciennes,French Ligue 2,1.04,2.11,24.58
520,512,Sagan Tosu,Japanese J League,0.57,1.4,24.33
521,518,North Carolina FC,United Soccer League,0.85,1.84,24.23
522,523,Lillestrom,Norwegian Tippeligaen,0.83,1.82,24.22
523,524,Bloem Celtic,South African ABSA Premier League,0.75,1.69,24.11
524,525,Fleetwood Town,English League One,0.72,1.68,23.79
525,526,Bristol Rovers,English League One,0.66,1.58,23.71
526,522,Helsingborgs IF,Swedish Allsvenskan,0.8,1.82,23.53
527,527,Pittsburgh Riverhounds,United Soccer League,0.79,1.8,23.37
528,529,Saint Louis FC,United Soccer League,0.64,1.58,23.19
529,530,Stabaek,Norwegian Tippeligaen,0.84,1.91,23.09
530,531,US Pescara,Italy Serie B,0.76,1.79,22.99
531,533,Gillingham,English League One,0.84,1.94,22.58
532,535,AC Horsens,Danish SAS-Ligaen,0.77,1.84,22.35
533,536,Auxerre,French Ligue 2,0.51,1.42,22.32
534,532,Salernitana,Italy Serie B,0.76,1.85,22.23
535,537,Mjondalen,Norwegian Tippeligaen,0.96,2.16,22.2
536,538,Real Monarchs SLC,United Soccer League,1.04,2.29,22.09
537,539,Portland Timbers 2,United Soccer League,0.93,2.13,21.99
538,540,Brisbane Roar,Australian A-League,1.07,2.35,21.95
539,528,Fresno FC,United Soccer League,0.73,1.82,21.94
540,541,Chippa United,South African ABSA Premier League,0.58,1.56,21.84
541,542,Reus Deportiu,Spanish Segunda Division,0.56,1.53,21.75
542,534,Oklahoma City Energy FC,United Soccer League,0.76,1.88,21.69
543,543,Livorno,Italy Serie B,0.71,1.8,21.63
544,544,NAC,Dutch Eredivisie,0.75,1.88,21.44
545,545,Grenoble,French Ligue 2,0.76,1.89,21.41
546,546,Tromso,Norwegian Tippeligaen,0.85,2.05,21.35
547,547,Maritzburg Utd,South African ABSA Premier League,0.54,1.54,21.26
548,554,F.B.C Unione Venezia,Italy Serie B,0.67,1.76,21.24
549,548,SuperSport United,South African ABSA Premier League,0.53,1.52,21.2
550,573,Ottawa Fury FC,United Soccer League,0.63,1.7,21.11
551,549,AmaZulu,South African ABSA Premier League,0.69,1.81,21.08
552,559,Sacramento Republic FC,United Soccer League,0.76,1.93,21.05
553,550,Golden Arrows,South African ABSA Premier League,0.52,1.52,21.02
554,552,Livingston,Scottish Premiership,0.74,1.9,20.9
555,555,Shrewsbury Town,English League One,0.62,1.72,20.67
556,556,Padova,Italy Serie B,0.64,1.74,20.66
557,557,Levadiakos,Greek Super League,0.49,1.48,20.65
558,558,Accrington Stanley,English League One,0.66,1.79,20.62
559,560,Beziers AS,French Ligue 2,0.66,1.82,20.29
560,561,Blackpool,English League One,0.65,1.81,20.11
561,567,Cordoba,Spanish Segunda Division,0.98,2.36,20.02
562,562,St Johnstone,Scottish Premiership,0.58,1.7,19.97
563,563,Ascoli,Italy Serie B,0.67,1.87,19.73
564,576,Austin Bold FC,United Soccer League,0.65,1.84,19.6
565,551,Charleston Battery,United Soccer League,0.66,1.87,19.59
566,564,St Mirren,Scottish Premiership,0.73,1.98,19.54
567,565,Mansfield Town,English League Two,0.62,1.8,19.48
568,566,Sochaux,French Ligue 2,0.5,1.59,19.36
569,553,AD Alcorcon,Spanish Segunda Division,0.45,1.52,19.21
570,568,Baroka FC,South African ABSA Premier League,0.56,1.72,19.06
571,569,Niort,French Ligue 2,0.5,1.61,19.02
572,570,Free State Stars,South African ABSA Premier League,0.64,1.88,18.99
573,571,Bury,English League Two,0.81,2.19,18.75
574,572,Central Coast Mariners,Australian A-League,0.89,2.33,18.75
575,583,Gimnástic Tarragona,Spanish Segunda Division,0.6,1.83,18.71
576,574,El Paso Locomotive FC,United Soccer League,0.62,1.86,18.66
577,575,AFC Wimbledon,English League One,0.54,1.74,18.4
578,577,Carpi,Italy Serie B,0.73,2.13,17.89
579,578,AC Ajaccio,French Ligue 2,0.42,1.57,17.84
580,579,Wycombe Wanderers,English League One,0.63,1.95,17.79
581,582,Matsumoto Yamaga FC,Japanese J League,0.47,1.67,17.67
582,580,Southend United,English League One,0.7,2.08,17.63
583,581,San Antonio FC,United Soccer League,0.67,2.05,17.35
584,584,Rio Grande Valley FC Toros,United Soccer League,0.72,2.18,17.02
585,585,Falkenbergs FF,Swedish Allsvenskan,0.54,1.89,16.56
586,586,Stevenage,English League Two,0.59,1.99,16.37
587,587,Apollon Smyrni,Greek Super League,0.46,1.76,16.35
588,588,Milton Keynes Dons,English League Two,0.63,2.08,16.3
589,589,Lincoln City,English League Two,0.48,1.81,16.27
590,590,Forest Green Rovers,English League Two,0.54,1.92,16.11
591,592,Crewe Alexandra,English League Two,0.68,2.24,15.61
592,593,Red Star FC 93,French Ligue 2,0.51,1.91,15.6
593,594,Black Leopards,South African ABSA Premier League,0.54,1.98,15.54
594,596,Swindon Town,English League Two,0.54,2.01,15.28
595,597,GFC Ajaccio,French Ligue 2,0.48,1.9,15.15
596,599,Walsall,English League One,0.56,2.05,15.07
597,600,Oldham Athletic,English League Two,0.65,2.23,15.01
598,601,Northampton Town,English League Two,0.71,2.35,14.87
599,598,Tulsa Roughnecks,United Soccer League,0.73,2.39,14.86
600,591,Vasby United,Swedish Allsvenskan,0.52,2.0,14.71
601,603,Rochdale,English League One,0.6,2.18,14.66
602,604,LA Galaxy II,United Soccer League,0.77,2.5,14.62
603,605,Tranmere Rovers,English League Two,0.39,1.78,14.43
604,606,Plymouth Argyle,English League One,0.69,2.39,14.18
605,595,Las Vegas Lights FC,United Soccer League,0.67,2.39,13.76
606,602,Charlotte Independence,United Soccer League,0.63,2.32,13.69
607,608,Bradford City,English League One,0.55,2.19,13.49
608,609,Exeter City,English League Two,0.41,1.93,13.19
609,610,Colchester United,English League Two,0.45,2.01,13.18
610,612,Newport County,English League Two,0.31,1.73,12.89
611,613,Carlisle United,English League Two,0.58,2.34,12.77
612,614,Scunthorpe,English League One,0.55,2.3,12.47
613,611,Swope Park Rangers,United Soccer League,0.71,2.63,12.29
614,616,Hamilton Academical,Scottish Premiership,0.52,2.27,12.25
615,607,Bethlehem Steel FC,United Soccer League,0.6,2.46,12.06
616,617,Dundee,Scottish Premiership,0.55,2.37,11.9
617,618,Cheltenham Town,English League Two,0.54,2.36,11.82
618,619,Memphis 901 FC,United Soccer League,0.4,2.12,11.32
619,620,Morecambe,English League Two,0.47,2.26,11.29
620,621,Loudoun United FC,United Soccer League,0.45,2.25,11.1
621,615,Birmingham Legion FC,United Soccer League,0.4,2.14,11.02
622,623,Colorado Springs Switchbacks FC,United Soccer League,0.32,2.06,10.17
623,622,Hartford Athletic,United Soccer League,0.44,2.35,10.0
624,624,Atlanta United 2,United Soccer League,0.34,2.26,9.08
625,625,Macclesfield,English League Two,0.33,2.32,8.39
626,626,Crawley Town,English League Two,0.33,2.38,8.08
627,627,Port Vale,English League Two,0.2,2.05,7.91
628,628,Grimsby Town,English League Two,0.2,2.08,7.75
629,629,Cambridge United,English League Two,0.2,2.12,7.46
630,630,Notts County,English League Two,0.3,2.57,6.48
631,631,Tacoma Defiance,United Soccer League,0.33,2.84,5.51
632,632,Yeovil Town,English League Two,0.2,2.49,5.45
